Username,LoginTime
admin,2025-10-10 17:32:13
admin,2025-10-10 17:32:25
gokul,2025-10-10 17:39:53
admin,2025-10-10 17:40:13
gokul,2025-10-10 18:22:19
vel,2025-10-10 18:32:48
gokul,2025-10-10 18:50:17
admin,2025-10-10 21:13:00
admin,2025-10-10 21:13:11
admin,2025-10-10 21:13:23
admin,2025-10-11 11:10:32
admin,2025-10-11 11:33:35
admin,2025-10-11 11:33:52
admin,2025-10-11 11:36:58
admin,2025-10-11 15:44:24
gokul,2025-10-11 15:45:17
gokul,2025-10-11 15:47:52
gokul,2025-10-11 15:54:51
gokul,2025-10-11 17:39:21
admin,2025-10-11 17:42:30
admin,2025-10-11 18:00:51
admin,2025-10-11 18:01:03
admin,2025-10-11 18:01:17
admin,2025-10-11 18:01:24
admin,2025-10-11 18:01:33
admin,2025-10-11 18:01:40
admin,2025-10-11 18:01:41
admin,2025-10-11 18:01:43
admin,2025-10-11 18:01:43
admin,2025-10-11 18:01:44
admin,2025-10-11 18:01:44
admin,2025-10-11 18:01:44
admin,2025-10-11 18:01:45
admin,2025-10-11 18:01:46
admin,2025-10-11 18:01:46
admin,2025-10-11 18:01:46
gokul,2025-10-11 18:01:54
gokul,2025-10-11 18:01:58
gokul,2025-10-11 18:08:16
admin,2025-10-13 10:53:47
admin,2025-10-13 10:54:03
admin,2025-10-14 16:11:28
admin,2025-10-14 16:18:15
admin,2025-10-14 16:26:28
admin,2025-10-14 16:40:52
admin,2025-10-14 16:44:08
admin,2025-10-14 16:50:19
admin,2025-10-14 16:55:14
admin,2025-10-14 16:58:59
gokul,2025-10-14 17:20:25
admin,2025-10-15 12:08:29
admin,2025-10-15 12:10:14
admin,2025-10-15 12:13:52
admin,2025-10-15 12:22:01
admin,2025-10-15 12:28:08
admin,2025-10-15 12:30:07
siva,2025-10-15 12:31:41
yogiram,2025-10-15 12:31:56
admin,2025-10-15 12:48:22
admin,2025-10-15 12:53:00
admin,2025-10-15 13:04:10
admin,2025-10-15 13:04:12
gokul,2025-10-15 13:06:24
admin,2025-10-15 13:09:10
admin,2025-10-15 13:11:30
admin,2025-10-15 13:14:13
admin,2025-10-15 13:16:44
admin,2025-10-15 17:30:19
admin,2025-10-15 17:30:48
admin,2025-10-15 17:30:58
admin,2025-10-15 17:35:52
gokul,2025-10-15 17:37:59
admin,2025-10-16 11:54:33
admin,2025-10-16 11:59:52
admin,2025-10-16 12:00:14
admin,2025-10-16 13:34:18
admin,2025-10-16 13:37:28
admin,2025-10-16 13:39:43
admin,2025-10-16 13:42:19
admin,2025-10-16 13:45:00
admin,2025-10-16 13:45:33
admin,2025-10-16 13:48:05
admin,2025-10-16 13:48:38
admin,2025-10-16 15:41:14
admin,2025-10-16 15:48:47
admin,2025-10-16 15:51:26
admin,2025-10-16 15:55:05
admin,2025-10-16 18:59:28
admin,2026-04-28 11:27:57
admin,2026-04-28 11:33:00
admin,2026-04-28 11:36:02
admin,2026-04-28 11:37:42
admin,2026-04-28 11:44:53
admin,2026-04-28 11:50:05
admin,2026-04-28 11:50:38
admin,2026-04-28 11:53:32
admin,2026-04-28 11:59:51
admin,2026-04-28 12:02:50
admin,2026-04-28 12:06:21
admin,2026-04-28 12:07:13
admin,2026-04-28 12:16:43
admin,2026-04-28 12:19:37
admin,2026-04-28 12:23:24
admin,2026-04-28 12:28:55
admin,2026-04-28 12:30:33
admin,2026-04-28 12:37:43
admin,2026-04-28 12:41:28
admin,2026-04-28 12:41:38
admin,2026-04-28 12:43:51
admin,2026-04-28 12:46:51
admin,2026-04-28 12:55:44
admin,2026-04-28 16:06:24
admin,2026-04-28 16:10:21
admin,2026-04-28 16:12:43
admin,2026-04-28 16:15:35
admin,2026-04-29 11:04:56
admin,2026-04-29 11:12:42
admin,2026-04-29 11:14:29
admin,2026-04-29 11:17:05
admin,2026-04-29 11:21:18
admin,2026-04-29 12:22:47
admin,2026-04-29 12:29:14
admin,2026-04-29 12:38:32
admin,2026-04-29 13:00:23
admin,2026-04-29 13:13:28
admin,2026-04-29 13:15:52
admin,2026-04-29 13:36:15
admin,2026-04-29 15:00:05
admin,2026-04-29 15:13:14
admin,2026-04-29 16:27:14
admin,2026-04-29 16:45:11
